[{"anime_id": 0, "genre_id": 30}, {"anime_id": 0, "genre_id": 24}, {"anime_id": 0, "genre_id": 33}, {"anime_id": 0, "genre_id": 26}, {"anime_id": 0, "genre_id": 17}, {"anime_id": 0, "genre_id": 29}, {"anime_id": 1, "genre_id": 24}, {"anime_id": 1, "genre_id": 31}, {"anime_id": 2, "genre_id": 33}, {"anime_id": 2, "genre_id": 19}, {"anime_id": 2, "genre_id": 22}, {"anime_id": 2, "genre_id": 29}, {"anime_id": 3, "genre_id": 33}, {"anime_id": 3, "genre_id": 18}, {"anime_id": 4, "genre_id": 33}, {"anime_id": 4, "genre_id": 32}, {"anime_id": 4, "genre_id": 20}, {"anime_id": 4, "genre_id": 22}, {"anime_id": 4, "genre_id": 19}, {"anime_id": 5, "genre_id": 30}, {"anime_id": 5, "genre_id": 15}, {"anime_id": 5, "genre_id": 26}, {"anime_id": 5, "genre_id": 21}, {"anime_id": 6, "genre_id": 30}, {"anime_id": 6, "genre_id": 28}, {"anime_id": 6, "genre_id": 33}, {"anime_id": 6, "genre_id": 31}, {"anime_id": 7, "genre_id": 8}, {"anime_id": 7, "genre_id": 28}, {"anime_id": 8, "genre_id": 28}, {"anime_id": 8, "genre_id": 33}, {"anime_id": 8, "genre_id": 22}, {"anime_id": 9, "genre_id": 24}, {"anime_id": 9, "genre_id": 28}, {"anime_id": 9, "genre_id": 23}, {"anime_id": 9, "genre_id": 26}, {"anime_id": 9, "genre_id": 31}, {"anime_id": 9, "genre_id": 25}, {"anime_id": 9, "genre_id": 21}, {"anime_id": 10, "genre_id": 30}, {"anime_id": 10, "genre_id": 27}, {"anime_id": 10, "genre_id": 4}, {"anime_id": 10, "genre_id": 11}, {"anime_id": 10, "genre_id": 32}, {"anime_id": 10, "genre_id": 21}, {"anime_id": 11, "genre_id": 30}, {"anime_id": 11, "genre_id": 23}, {"anime_id": 11, "genre_id": 31}, {"anime_id": 11, "genre_id": 20}, {"anime_id": 11, "genre_id": 14}, {"anime_id": 12, "genre_id": 30}, {"anime_id": 12, "genre_id": 27}, {"anime_id": 12, "genre_id": 33}, {"anime_id": 12, "genre_id": 26}, {"anime_id": 12, "genre_id": 18}, {"anime_id": 12, "genre_id": 17}, {"anime_id": 12, "genre_id": 29}, {"anime_id": 13, "genre_id": 30}, {"anime_id": 13, "genre_id": 15}, {"anime_id": 13, "genre_id": 4}, {"anime_id": 13, "genre_id": 31}, {"anime_id": 13, "genre_id": 12}, {"anime_id": 13, "genre_id": 21}, {"anime_id": 14, "genre_id": 33}, {"anime_id": 14, "genre_id": 5}, {"anime_id": 14, "genre_id": 31}, {"anime_id": 14, "genre_id": 20}, {"anime_id": 14, "genre_id": 25}, {"anime_id": 14, "genre_id": 16}, {"anime_id": 15, "genre_id": 33}, {"anime_id": 15, "genre_id": 19}, {"anime_id": 15, "genre_id": 22}, {"anime_id": 15, "genre_id": 29}, {"anime_id": 16, "genre_id": 33}, {"anime_id": 16, "genre_id": 32}, {"anime_id": 16, "genre_id": 20}, {"anime_id": 16, "genre_id": 19}, {"anime_id": 17, "genre_id": 33}, {"anime_id": 17, "genre_id": 19}, {"anime_id": 17, "genre_id": 32}, {"anime_id": 17, "genre_id": 22}, {"anime_id": 17, "genre_id": 29}, {"anime_id": 18, "genre_id": 28}, {"anime_id": 18, "genre_id": 33}, {"anime_id": 18, "genre_id": 31}, {"anime_id": 18, "genre_id": 22}, {"anime_id": 18, "genre_id": 29}, {"anime_id": 19, "genre_id": 30}, {"anime_id": 19, "genre_id": 33}, {"anime_id": 19, "genre_id": 26}, {"anime_id": 19, "genre_id": 5}, {"anime_id": 19, "genre_id": 31}, {"anime_id": 19, "genre_id": 25}, {"anime_id": 20, "genre_id": 32}, {"anime_id": 20, "genre_id": 20}, {"anime_id": 20, "genre_id": 16}, {"anime_id": 20, "genre_id": 31}, {"anime_id": 21, "genre_id": 32}, {"anime_id": 21, "genre_id": 26}, {"anime_id": 22, "genre_id": 30}, {"anime_id": 22, "genre_id": 15}, {"anime_id": 22, "genre_id": 27}, {"anime_id": 22, "genre_id": 23}, {"anime_id": 22, "genre_id": 6}, {"anime_id": 22, "genre_id": 10}, {"anime_id": 22, "genre_id": 21}, {"anime_id": 23, "genre_id": 28}, {"anime_id": 23, "genre_id": 31}, {"anime_id": 23, "genre_id": 32}, {"anime_id": 24, "genre_id": 23}, {"anime_id": 24, "genre_id": 11}, {"anime_id": 24, "genre_id": 21}, {"anime_id": 24, "genre_id": 31}, {"anime_id": 25, "genre_id": 33}, {"anime_id": 25, "genre_id": 27}, {"anime_id": 25, "genre_id": 21}, {"anime_id": 25, "genre_id": 28}, {"anime_id": 25, "genre_id": 9}, {"anime_id": 26, "genre_id": 30}, {"anime_id": 26, "genre_id": 24}, {"anime_id": 26, "genre_id": 32}, {"anime_id": 26, "genre_id": 29}, {"anime_id": 26, "genre_id": 31}, {"anime_id": 27, "genre_id": 30}, {"anime_id": 27, "genre_id": 27}, {"anime_id": 27, "genre_id": 33}, {"anime_id": 27, "genre_id": 26}, {"anime_id": 27, "genre_id": 18}, {"anime_id": 27, "genre_id": 17}, {"anime_id": 27, "genre_id": 29}, {"anime_id": 28, "genre_id": 28}, {"anime_id": 28, "genre_id": 32}, {"anime_id": 28, "genre_id": 25}, {"anime_id": 29, "genre_id": 27}, {"anime_id": 29, "genre_id": 32}, {"anime_id": 30, "genre_id": 32}, {"anime_id": 30, "genre_id": 26}, {"anime_id": 30, "genre_id": 21}, {"anime_id": 30, "genre_id": 14}, {"anime_id": 31, "genre_id": 30}, {"anime_id": 31, "genre_id": 27}, {"anime_id": 31, "genre_id": 33}, {"anime_id": 31, "genre_id": 26}, {"anime_id": 31, "genre_id": 18}, {"anime_id": 31, "genre_id": 17}, {"anime_id": 31, "genre_id": 29}, {"anime_id": 32, "genre_id": 25}, {"anime_id": 32, "genre_id": 27}, {"anime_id": 32, "genre_id": 29}, {"anime_id": 32, "genre_id": 28}, {"anime_id": 33, "genre_id": 30}, {"anime_id": 33, "genre_id": 32}, {"anime_id": 33, "genre_id": 29}, {"anime_id": 33, "genre_id": 28}, {"anime_id": 33, "genre_id": 19}, {"anime_id": 34, "genre_id": 32}, {"anime_id": 34, "genre_id": 25}, {"anime_id": 34, "genre_id": 16}, {"anime_id": 34, "genre_id": 28}, {"anime_id": 34, "genre_id": 31}, {"anime_id": 35, "genre_id": 32}, {"anime_id": 35, "genre_id": 26}, {"anime_id": 35, "genre_id": 8}, {"anime_id": 36, "genre_id": 30}, {"anime_id": 36, "genre_id": 23}, {"anime_id": 36, "genre_id": 31}, {"anime_id": 36, "genre_id": 32}, {"anime_id": 36, "genre_id": 20}, {"anime_id": 36, "genre_id": 14}, {"anime_id": 37, "genre_id": 30}, {"anime_id": 37, "genre_id": 24}, {"anime_id": 37, "genre_id": 33}, {"anime_id": 37, "genre_id": 31}, {"anime_id": 37, "genre_id": 32}, {"anime_id": 37, "genre_id": 29}, {"anime_id": 38, "genre_id": 24}, {"anime_id": 38, "genre_id": 28}, {"anime_id": 38, "genre_id": 23}, {"anime_id": 38, "genre_id": 26}, {"anime_id": 38, "genre_id": 31}, {"anime_id": 38, "genre_id": 25}, {"anime_id": 38, "genre_id": 21}, {"anime_id": 39, "genre_id": 28}, {"anime_id": 39, "genre_id": 31}, {"anime_id": 39, "genre_id": 32}, {"anime_id": 39, "genre_id": 25}, {"anime_id": 39, "genre_id": 16}, {"anime_id": 40, "genre_id": 23}, {"anime_id": 40, "genre_id": 33}, {"anime_id": 40, "genre_id": 11}, {"anime_id": 40, "genre_id": 20}, {"anime_id": 41, "genre_id": 28}, {"anime_id": 41, "genre_id": 24}, {"anime_id": 42, "genre_id": 19}, {"anime_id": 42, "genre_id": 11}, {"anime_id": 42, "genre_id": 32}, {"anime_id": 42, "genre_id": 21}, {"anime_id": 43, "genre_id": 32}, {"anime_id": 43, "genre_id": 25}, {"anime_id": 43, "genre_id": 16}, {"anime_id": 43, "genre_id": 28}, {"anime_id": 43, "genre_id": 31}, {"anime_id": 44, "genre_id": 28}, {"anime_id": 44, "genre_id": 33}, {"anime_id": 44, "genre_id": 0}, {"anime_id": 45, "genre_id": 33}, {"anime_id": 45, "genre_id": 32}, {"anime_id": 45, "genre_id": 22}, {"anime_id": 45, "genre_id": 29}, {"anime_id": 45, "genre_id": 19}, {"anime_id": 46, "genre_id": 30}, {"anime_id": 46, "genre_id": 31}, {"anime_id": 46, "genre_id": 7}, {"anime_id": 46, "genre_id": 25}, {"anime_id": 47, "genre_id": 30}, {"anime_id": 47, "genre_id": 33}, {"anime_id": 47, "genre_id": 22}, {"anime_id": 47, "genre_id": 29}, {"anime_id": 48, "genre_id": 28}, {"anime_id": 48, "genre_id": 33}, {"anime_id": 48, "genre_id": 31}, {"anime_id": 48, "genre_id": 22}, {"anime_id": 48, "genre_id": 29}, {"anime_id": 49, "genre_id": 33}, {"anime_id": 49, "genre_id": 19}, {"anime_id": 49, "genre_id": 32}, {"anime_id": 49, "genre_id": 29}, {"anime_id": 50, "genre_id": 33}, {"anime_id": 50, "genre_id": 32}, {"anime_id": 50, "genre_id": 20}, {"anime_id": 50, "genre_id": 29}, {"anime_id": 51, "genre_id": 23}, {"anime_id": 51, "genre_id": 6}, {"anime_id": 51, "genre_id": 11}, {"anime_id": 51, "genre_id": 31}, {"anime_id": 51, "genre_id": 14}, {"anime_id": 51, "genre_id": 29}, {"anime_id": 52, "genre_id": 30}, {"anime_id": 52, "genre_id": 23}, {"anime_id": 52, "genre_id": 31}, {"anime_id": 52, "genre_id": 12}, {"anime_id": 53, "genre_id": 24}, {"anime_id": 53, "genre_id": 25}, {"anime_id": 53, "genre_id": 26}, {"anime_id": 53, "genre_id": 23}, {"anime_id": 53, "genre_id": 21}, {"anime_id": 53, "genre_id": 28}, {"anime_id": 53, "genre_id": 31}, {"anime_id": 54, "genre_id": 28}, {"anime_id": 54, "genre_id": 31}, {"anime_id": 54, "genre_id": 32}, {"anime_id": 54, "genre_id": 25}, {"anime_id": 54, "genre_id": 16}, {"anime_id": 55, "genre_id": 33}, {"anime_id": 55, "genre_id": 23}, {"anime_id": 55, "genre_id": 20}, {"anime_id": 55, "genre_id": 22}, {"anime_id": 55, "genre_id": 27}, {"anime_id": 55, "genre_id": 31}, {"anime_id": 56, "genre_id": 30}, {"anime_id": 56, "genre_id": 27}, {"anime_id": 56, "genre_id": 33}, {"anime_id": 56, "genre_id": 18}, {"anime_id": 56, "genre_id": 13}, {"anime_id": 56, "genre_id": 31}, {"anime_id": 56, "genre_id": 21}, {"anime_id": 57, "genre_id": 24}, {"anime_id": 57, "genre_id": 32}, {"anime_id": 57, "genre_id": 25}, {"anime_id": 57, "genre_id": 20}, {"anime_id": 58, "genre_id": 33}, {"anime_id": 58, "genre_id": 19}, {"anime_id": 58, "genre_id": 32}, {"anime_id": 58, "genre_id": 29}, {"anime_id": 59, "genre_id": 30}, {"anime_id": 59, "genre_id": 24}, {"anime_id": 59, "genre_id": 33}, {"anime_id": 59, "genre_id": 10}, {"anime_id": 59, "genre_id": 27}, {"anime_id": 60, "genre_id": 24}, {"anime_id": 60, "genre_id": 25}, {"anime_id": 60, "genre_id": 26}, {"anime_id": 60, "genre_id": 23}, {"anime_id": 60, "genre_id": 21}, {"anime_id": 60, "genre_id": 28}, {"anime_id": 60, "genre_id": 31}, {"anime_id": 61, "genre_id": 33}, {"anime_id": 61, "genre_id": 32}, {"anime_id": 61, "genre_id": 22}, {"anime_id": 61, "genre_id": 29}, {"anime_id": 61, "genre_id": 28}, {"anime_id": 62, "genre_id": 32}, {"anime_id": 62, "genre_id": 25}, {"anime_id": 62, "genre_id": 16}, {"anime_id": 62, "genre_id": 28}, {"anime_id": 62, "genre_id": 31}, {"anime_id": 63, "genre_id": 24}, {"anime_id": 63, "genre_id": 28}, {"anime_id": 63, "genre_id": 23}, {"anime_id": 63, "genre_id": 26}, {"anime_id": 63, "genre_id": 31}, {"anime_id": 63, "genre_id": 25}, {"anime_id": 63, "genre_id": 21}, {"anime_id": 64, "genre_id": 23}, {"anime_id": 64, "genre_id": 33}, {"anime_id": 64, "genre_id": 31}, {"anime_id": 64, "genre_id": 20}, {"anime_id": 64, "genre_id": 12}, {"anime_id": 65, "genre_id": 30}, {"anime_id": 65, "genre_id": 33}, {"anime_id": 65, "genre_id": 13}, {"anime_id": 65, "genre_id": 22}, {"anime_id": 65, "genre_id": 29}, {"anime_id": 66, "genre_id": 28}, {"anime_id": 66, "genre_id": 25}, {"anime_id": 67, "genre_id": 30}, {"anime_id": 67, "genre_id": 26}, {"anime_id": 67, "genre_id": 32}, {"anime_id": 67, "genre_id": 20}, {"anime_id": 67, "genre_id": 1}, {"anime_id": 67, "genre_id": 17}, {"anime_id": 68, "genre_id": 30}, {"anime_id": 68, "genre_id": 15}, {"anime_id": 68, "genre_id": 27}, {"anime_id": 68, "genre_id": 13}, {"anime_id": 68, "genre_id": 32}, {"anime_id": 68, "genre_id": 10}, {"anime_id": 68, "genre_id": 22}, {"anime_id": 69, "genre_id": 30}, {"anime_id": 69, "genre_id": 24}, {"anime_id": 69, "genre_id": 25}, {"anime_id": 70, "genre_id": 33}, {"anime_id": 70, "genre_id": 19}, {"anime_id": 70, "genre_id": 32}, {"anime_id": 70, "genre_id": 29}, {"anime_id": 71, "genre_id": 30}, {"anime_id": 71, "genre_id": 24}, {"anime_id": 71, "genre_id": 33}, {"anime_id": 71, "genre_id": 32}, {"anime_id": 71, "genre_id": 27}, {"anime_id": 71, "genre_id": 9}, {"anime_id": 72, "genre_id": 24}, {"anime_id": 72, "genre_id": 25}, {"anime_id": 72, "genre_id": 26}, {"anime_id": 72, "genre_id": 23}, {"anime_id": 72, "genre_id": 21}, {"anime_id": 72, "genre_id": 28}, {"anime_id": 72, "genre_id": 31}, {"anime_id": 73, "genre_id": 30}, {"anime_id": 73, "genre_id": 27}, {"anime_id": 73, "genre_id": 33}, {"anime_id": 73, "genre_id": 26}, {"anime_id": 73, "genre_id": 18}, {"anime_id": 73, "genre_id": 17}, {"anime_id": 73, "genre_id": 29}, {"anime_id": 74, "genre_id": 26}, {"anime_id": 74, "genre_id": 32}, {"anime_id": 74, "genre_id": 8}, {"anime_id": 75, "genre_id": 32}, {"anime_id": 75, "genre_id": 2}, {"anime_id": 75, "genre_id": 20}, {"anime_id": 75, "genre_id": 22}, {"anime_id": 75, "genre_id": 29}, {"anime_id": 76, "genre_id": 30}, {"anime_id": 76, "genre_id": 23}, {"anime_id": 76, "genre_id": 31}, {"anime_id": 76, "genre_id": 12}, {"anime_id": 77, "genre_id": 33}, {"anime_id": 77, "genre_id": 19}, {"anime_id": 77, "genre_id": 32}, {"anime_id": 77, "genre_id": 22}, {"anime_id": 77, "genre_id": 29}, {"anime_id": 78, "genre_id": 24}, {"anime_id": 78, "genre_id": 31}, {"anime_id": 78, "genre_id": 32}, {"anime_id": 79, "genre_id": 27}, {"anime_id": 79, "genre_id": 24}, {"anime_id": 79, "genre_id": 23}, {"anime_id": 79, "genre_id": 32}, {"anime_id": 79, "genre_id": 25}, {"anime_id": 80, "genre_id": 30}, {"anime_id": 80, "genre_id": 32}, {"anime_id": 80, "genre_id": 10}, {"anime_id": 80, "genre_id": 15}, {"anime_id": 80, "genre_id": 27}, {"anime_id": 80, "genre_id": 13}, {"anime_id": 81, "genre_id": 33}, {"anime_id": 81, "genre_id": 19}, {"anime_id": 81, "genre_id": 32}, {"anime_id": 81, "genre_id": 22}, {"anime_id": 81, "genre_id": 29}, {"anime_id": 82, "genre_id": 30}, {"anime_id": 82, "genre_id": 27}, {"anime_id": 82, "genre_id": 33}, {"anime_id": 82, "genre_id": 26}, {"anime_id": 82, "genre_id": 18}, {"anime_id": 82, "genre_id": 17}, {"anime_id": 82, "genre_id": 29}, {"anime_id": 83, "genre_id": 28}, {"anime_id": 83, "genre_id": 33}, {"anime_id": 83, "genre_id": 31}, {"anime_id": 83, "genre_id": 32}, {"anime_id": 83, "genre_id": 20}, {"anime_id": 84, "genre_id": 30}, {"anime_id": 84, "genre_id": 33}, {"anime_id": 84, "genre_id": 26}, {"anime_id": 84, "genre_id": 18}, {"anime_id": 84, "genre_id": 17}, {"anime_id": 84, "genre_id": 27}, {"anime_id": 84, "genre_id": 29}, {"anime_id": 85, "genre_id": 23}, {"anime_id": 85, "genre_id": 33}, {"anime_id": 85, "genre_id": 31}, {"anime_id": 85, "genre_id": 12}, {"anime_id": 86, "genre_id": 32}, {"anime_id": 86, "genre_id": 22}, {"anime_id": 86, "genre_id": 29}, {"anime_id": 87, "genre_id": 30}, {"anime_id": 87, "genre_id": 27}, {"anime_id": 87, "genre_id": 33}, {"anime_id": 87, "genre_id": 26}, {"anime_id": 87, "genre_id": 18}, {"anime_id": 87, "genre_id": 17}, {"anime_id": 87, "genre_id": 29}, {"anime_id": 88, "genre_id": 30}, {"anime_id": 88, "genre_id": 33}, {"anime_id": 88, "genre_id": 26}, {"anime_id": 88, "genre_id": 18}, {"anime_id": 88, "genre_id": 17}, {"anime_id": 88, "genre_id": 27}, {"anime_id": 88, "genre_id": 29}, {"anime_id": 89, "genre_id": 32}, {"anime_id": 89, "genre_id": 3}, {"anime_id": 89, "genre_id": 21}, {"anime_id": 89, "genre_id": 28}, {"anime_id": 90, "genre_id": 30}, {"anime_id": 90, "genre_id": 24}, {"anime_id": 90, "genre_id": 13}, {"anime_id": 90, "genre_id": 29}, {"anime_id": 91, "genre_id": 30}, {"anime_id": 91, "genre_id": 27}, {"anime_id": 91, "genre_id": 33}, {"anime_id": 91, "genre_id": 26}, {"anime_id": 91, "genre_id": 18}, {"anime_id": 91, "genre_id": 17}, {"anime_id": 91, "genre_id": 29}, {"anime_id": 92, "genre_id": 15}, {"anime_id": 92, "genre_id": 27}, {"anime_id": 92, "genre_id": 9}, {"anime_id": 92, "genre_id": 32}, {"anime_id": 93, "genre_id": 27}, {"anime_id": 93, "genre_id": 14}, {"anime_id": 94, "genre_id": 27}, {"anime_id": 94, "genre_id": 14}, {"anime_id": 95, "genre_id": 30}, {"anime_id": 95, "genre_id": 33}, {"anime_id": 95, "genre_id": 26}, {"anime_id": 95, "genre_id": 18}, {"anime_id": 95, "genre_id": 17}, {"anime_id": 95, "genre_id": 27}, {"anime_id": 95, "genre_id": 29}, {"anime_id": 96, "genre_id": 31}, {"anime_id": 96, "genre_id": 32}, {"anime_id": 96, "genre_id": 20}, {"anime_id": 96, "genre_id": 22}, {"anime_id": 97, "genre_id": 30}, {"anime_id": 97, "genre_id": 15}, {"anime_id": 97, "genre_id": 24}, {"anime_id": 97, "genre_id": 33}, {"anime_id": 97, "genre_id": 32}, {"anime_id": 97, "genre_id": 7}, {"anime_id": 97, "genre_id": 25}, {"anime_id": 97, "genre_id": 29}]