[{"anime_id": 0, "studio_id": 0}, {"anime_id": 1, "studio_id": 15}, {"anime_id": 2, "studio_id": 32}, {"anime_id": 3, "studio_id": 27}, {"anime_id": 4, "studio_id": 16}, {"anime_id": 5, "studio_id": 17}, {"anime_id": 6, "studio_id": 21}, {"anime_id": 7, "studio_id": 32}, {"anime_id": 8, "studio_id": 28}, {"anime_id": 9, "studio_id": 31}, {"anime_id": 10, "studio_id": 33}, {"anime_id": 11, "studio_id": 22}, {"anime_id": 12, "studio_id": 34}, {"anime_id": 13, "studio_id": 1}, {"anime_id": 14, "studio_id": 2}, {"anime_id": 15, "studio_id": 32}, {"anime_id": 16, "studio_id": 16}, {"anime_id": 17, "studio_id": 3}, {"anime_id": 18, "studio_id": 18}, {"anime_id": 19, "studio_id": 29}, {"anime_id": 20, "studio_id": 25}, {"anime_id": 21, "studio_id": 26}, {"anime_id": 22, "studio_id": 32}, {"anime_id": 23, "studio_id": 29}, {"anime_id": 24, "studio_id": 29}, {"anime_id": 25, "studio_id": 29}, {"anime_id": 26, "studio_id": 19}, {"anime_id": 27, "studio_id": 34}, {"anime_id": 28, "studio_id": 28}, {"anime_id": 29, "studio_id": 23}, {"anime_id": 30, "studio_id": 33}, {"anime_id": 31, "studio_id": 27}, {"anime_id": 32, "studio_id": 4}, {"anime_id": 33, "studio_id": 5}, {"anime_id": 34, "studio_id": 25}, {"anime_id": 35, "studio_id": 24}, {"anime_id": 36, "studio_id": 22}, {"anime_id": 37, "studio_id": 19}, {"anime_id": 38, "studio_id": 31}, {"anime_id": 39, "studio_id": 20}, {"anime_id": 40, "studio_id": 33}, {"anime_id": 41, "studio_id": 33}, {"anime_id": 42, "studio_id": 6}, {"anime_id": 43, "studio_id": 25}, {"anime_id": 44, "studio_id": 7}, {"anime_id": 45, "studio_id": 32}, {"anime_id": 46, "studio_id": 22}, {"anime_id": 47, "studio_id": 8}, {"anime_id": 48, "studio_id": 18}, {"anime_id": 49, "studio_id": 9}, {"anime_id": 50, "studio_id": 10}, {"anime_id": 51, "studio_id": 33}, {"anime_id": 52, "studio_id": 30}, {"anime_id": 53, "studio_id": 31}, {"anime_id": 54, "studio_id": 25}, {"anime_id": 55, "studio_id": 28}, {"anime_id": 56, "studio_id": 33}, {"anime_id": 57, "studio_id": 26}, {"anime_id": 58, "studio_id": 33}, {"anime_id": 59, "studio_id": 11}, {"anime_id": 60, "studio_id": 31}, {"anime_id": 61, "studio_id": 17}, {"anime_id": 62, "studio_id": 20}, {"anime_id": 63, "studio_id": 31}, {"anime_id": 64, "studio_id": 30}, {"anime_id": 65, "studio_id": 21}, {"anime_id": 66, "studio_id": 15}, {"anime_id": 67, "studio_id": 24}, {"anime_id": 68, "studio_id": 34}, {"anime_id": 69, "studio_id": 26}, {"anime_id": 70, "studio_id": 33}, {"anime_id": 71, "studio_id": 34}, {"anime_id": 72, "studio_id": 31}, {"anime_id": 73, "studio_id": 27}, {"anime_id": 74, "studio_id": 24}, {"anime_id": 75, "studio_id": 29}, {"anime_id": 76, "studio_id": 30}, {"anime_id": 77, "studio_id": 32}, {"anime_id": 78, "studio_id": 26}, {"anime_id": 79, "studio_id": 12}, {"anime_id": 80, "studio_id": 34}, {"anime_id": 81, "studio_id": 32}, {"anime_id": 82, "studio_id": 34}, {"anime_id": 83, "studio_id": 28}, {"anime_id": 84, "studio_id": 27}, {"anime_id": 85, "studio_id": 30}, {"anime_id": 86, "studio_id": 28}, {"anime_id": 87, "studio_id": 34}, {"anime_id": 88, "studio_id": 34}, {"anime_id": 89, "studio_id": 30}, {"anime_id": 90, "studio_id": 33}, {"anime_id": 91, "studio_id": 34}, {"anime_id": 92, "studio_id": 13}, {"anime_id": 93, "studio_id": 23}, {"anime_id": 94, "studio_id": 23}, {"anime_id": 95, "studio_id": 27}, {"anime_id": 96, "studio_id": 14}, {"anime_id": 97, "studio_id": 21}]