id,Title,Type,Episodes,Start airing,End airing,Starting season,Studios,Sources,Genres,Duration,Rating,Score,Scored by,Members,Favorites,slug
0,Samurai Champloo,TV,26,2004-5-20,2005-3-19,Spring,Manglobe,Original,"Action,Adventure,Comedy,Historical,Samurai,Shounen",24 min. per ep.,R,8.5,294149,535809,19309,samurai-champloo
1,Bakemono no Ko,Movie,1,2015-7-11,2015-7-18,Fall,Studio Chizu,Original,"Adventure,Supernatural",1 hr. 58 min.,PG-13,8.5,88875,163271,1718,bakemono-no-ko
2,Kuroko no Basket 2nd Season,TV,25,2013-10-6,2014-3-30,Fall,Production I.G,Manga,"Comedy,Sports,School,Shounen",24 min. per ep.,PG-13,8.5,221302,346705,3557,kuroko-no-basket-2nd-season
3,Gintama°: Aizome Kaori-hen,OVA,2,2016-8-4,2016-11-4,Movie,Bandai Namco Pictures,Manga,"Comedy,Parody",26 min. per ep.,PG-13,8.5,16107,32825,86,gintama°:-aizome-kaori-hen
4,Cross Game,TV,50,2009-4-5,2010-3-28,Spring,SynergySP,Manga,"Comedy,Drama,Romance,School,Sports",23 min. per ep.,PG-13,8.5,29229,69703,2093,cross-game
5,Kingdom 2nd Season,TV,39,2013-6-8,2014-3-2,Summer,Studio Pierrot,Manga,"Action,Military,Historical,Seinen",25 min. per ep.,R,8.51,21392,45140,499,kingdom-2nd-season
6,Mob Psycho 100,TV,12,2016-7-11,2016-9-27,Summer,Bones,Web manga,"Action,Slice of Life,Comedy,Supernatural",24 min. per ep.,PG-13,8.51,265482,470852,8657,mob-psycho-100
7,Usagi Drop,TV,11,2011-7-8,2011-9-16,Summer,Production I.G,Manga,"Josei,Slice of Life",22 min. per ep.,PG-13,8.52,137922,263722,4659,usagi-drop
8,Nichijou,TV,26,2011-4-3,2011-9-25,Spring,Kyoto Animation,Manga,"Slice of Life,Comedy,School",23 min. per ep.,PG-13,8.52,149654,370955,12311,nichijou
9,Mushishi Zoku Shou: Odoro no Michi,Special,1,2014-8-20,2014-8-27,Fall,Artland,Manga,"Adventure,Slice of Life,Mystery,Historical,Supernatural,Fantasy,Seinen",47 min.,PG-13,8.52,25080,48395,59,mushishi-zoku-shou:-odoro-no-michi
10,Kiseijuu: Sei no Kakuritsu,TV,24,2014-10-9,2015-3-26,Fall,Madhouse,Manga,"Action,Sci-Fi,Horror,Psychological,Drama,Seinen",23 min. per ep.,R,8.52,402831,663525,15676,kiseijuu:-sei-no-kakuritsu
11,Kara no Kyoukai 7: Satsujin Kousatsu (Kou),Movie,1,2009-8-8,2009-8-15,Fall,ufotable,Light novel,"Action,Mystery,Supernatural,Romance,Thriller",2 hr. 1 min.,R,8.52,66168,119617,1433,kara-no-kyoukai-7:-satsujin-kousatsu-(kou)
12,Gintama: Yorinuki Gintama-san on Theater 2D,Movie,2,2012-8-26,2012-9-9,Movie,Sunrise,Manga,"Action,Sci-Fi,Comedy,Historical,Parody,Samurai,Shounen",1 hr. 36 min. per ep.,PG-13,8.52,6891,18044,32,gintama:-yorinuki-gintama-san-on-theater-2d
13,Hellsing Ultimate,OVA,10,2006-2-10,2012-12-26,Movie,"Madhouse,Satelight,Graphinica",Manga,"Action,Military,Horror,Supernatural,Vampire,Seinen",50 min. per ep.,R,8.53,218758,418528,13317,hellsing-ultimate
14,Kamisama Hajimemashita: Kako-hen,OVA,4,2015-8-20,2016-8-19,Movie,TMS Entertainment,Manga,"Comedy,Demons,Supernatural,Romance,Fantasy,Shoujo",30 min. per ep.,PG-13,8.54,26535,60840,510,kamisama-hajimemashita:-kako-hen
15,Kuroko no Basket 3rd Season,TV,25,2015-1-11,2015-6-30,Winter,Production I.G,Manga,"Comedy,Sports,School,Shounen",24 min. per ep.,PG-13,8.54,171156,282268,3328,kuroko-no-basket-3rd-season
16,Major S5,TV,25,2009-1-10,2009-6-27,Winter,SynergySP,Manga,"Comedy,Drama,Romance,Sports",24 min. per ep.,PG-13,8.54,22741,37525,435,major-s5
17,Slam Dunk,TV,101,1993-10-16,1996-3-23,Fall,Toei Animation,Manga,"Comedy,Sports,Drama,School,Shounen",23 min. per ep.,PG-13,8.55,54336,113097,3387,slam-dunk
18,Saiki Kusuo no Ψ-nan (TV),TV,120,2016-7-4,2016-12-26,Summer,"J.C.Staff,Egg Firm",Manga,"Slice of Life,Comedy,Supernatural,School,Shounen",5 min. per ep.,PG-13,8.55,54439,134170,2715,saiki-kusuo-no-ψ-nan-(tv)
19,Kuroshitsuji Movie: Book of the Atlantic,Movie,1,2017-1-21,2017-1-28,Spring,A-1 Pictures,Manga,"Action,Comedy,Historical,Demons,Supernatural,Fantasy",1 hr. 40 min.,R,8.55,17621,59525,542,kuroshitsuji-movie:-book-of-the-atlantic
20,Hotarubi no Mori e,Movie,1,2011-9-17,2011-9-24,Fall,Brain's Base,Manga,"Drama,Romance,Shoujo,Supernatural",45 min.,G,8.55,171392,306369,5516,hotarubi-no-mori-e
21,Hotaru no Haka,Movie,1,1988-4-16,1988-4-23,Summer,Studio Ghibli,Novel,"Drama,Historical",1 hr. 28 min.,PG-13,8.55,144566,241170,2851,hotaru-no-haka
22,Ghost in the Shell: Stand Alone Complex 2nd GIG,TV,26,2004-1-1,2005-1-8,Winter,Production I.G,Manga,"Action,Military,Sci-Fi,Mystery,Police,Mecha,Seinen",25 min. per ep.,R,8.55,71671,147861,2388,ghost-in-the-shell:-stand-alone-complex-2nd-gig
23,Ano Hi Mita Hana no Namae wo Bokutachi wa Mada Shiranai.,TV,11,2011-4-15,2011-6-24,Spring,A-1 Pictures,Original,"Slice of Life,Supernatural,Drama",22 min. per ep.,PG-13,8.55,392312,650827,20971,ano-hi-mita-hana-no-namae-wo-bokutachi-wa-mada-shiranai.
24,Boku dake ga Inai Machi,TV,12,2016-1-8,2016-3-25,Winter,A-1 Pictures,Manga,"Mystery,Psychological,Seinen,Supernatural",23 min. per ep.,R,8.56,432114,684588,20942,boku-dake-ga-inai-machi
25,Uchuu Kyoudai,TV,99,2012-4-1,2014-3-22,Spring,A-1 Pictures,Manga,"Comedy,Sci-Fi,Seinen,Slice of Life,Space",24 min. per ep.,PG-13,8.56,26394,97549,2494,uchuu-kyoudai
26,JoJo no Kimyou na Bouken: Stardust Crusaders 2nd Season,TV,24,2015-1-10,2015-6-20,Winter,David Production,Manga,"Action,Adventure,Drama,Shounen,Supernatural",23 min. per ep.,R,8.56,118095,185350,4352,jojo-no-kimyou-na-bouken:-stardust-crusaders-2nd-season
27,Gintama Movie 1: Shinyaku Benizakura-hen,Movie,1,2010-4-24,2010-5-1,Summer,Sunrise,Manga,"Action,Sci-Fi,Comedy,Historical,Parody,Samurai,Shounen",1 hr. 35 min.,R,8.57,41905,71355,323,gintama-movie-1:-shinyaku-benizakura-hen
28,Violet Evergarden,TV,13,2018-1-11,2018-4-5,Winter,Kyoto Animation,Light novel,"Slice of Life,Drama,Fantasy",23 min. per ep.,PG-13,8.57,88787,322653,4963,violet-evergarden
29,Steins;Gate Movie: Fuka Ryouiki no Déjà vu,Movie,1,2013-4-20,2013-4-27,Summer,White Fox,Visual novel,"Sci-Fi,Drama",1 hr. 30 min.,PG-13,8.58,163175,276648,1347,steins;gate-movie:-fuka-ryouiki-no-déjà-vu
30,Rainbow: Nisha Rokubou no Shichinin,TV,26,2010-4-7,2010-9-29,Spring,Madhouse,Manga,"Drama,Historical,Seinen,Thriller",22 min. per ep.,R,8.59,77292,193900,5154,rainbow:-nisha-rokubou-no-shichinin
31,Gintama.: Porori-hen,TV,13,2017-10-2,2017-12-25,Fall,Bandai Namco Pictures,Manga,"Action,Sci-Fi,Comedy,Historical,Parody,Samurai,Shounen",23 min. per ep.,PG-13,8.59,22015,51931,445,gintama.:-porori-hen
32,Aria The Origination,TV,13,2008-1-8,2008-4-1,Winter,Hal Film Maker,Manga,"Fantasy,Sci-Fi,Shounen,Slice of Life",24 min. per ep.,G,8.59,17893,70380,2972,aria-the-origination
33,Ashita no Joe 2,TV,47,1980-10-13,1981-8-31,Fall,Tokyo Movie Shinsha,Manga,"Action,Drama,Shounen,Slice of Life,Sports",24 min. per ep.,PG-13,8.6,4127,11867,518,ashita-no-joe-2
34,Zoku Natsume Yuujinchou,TV,13,2009-1-6,2009-3-31,Winter,Brain's Base,Manga,"Drama,Fantasy,Shoujo,Slice of Life,Supernatural",24 min. per ep.,PG-13,8.62,76893,145985,1206,zoku-natsume-yuujinchou
35,Shouwa Genroku Rakugo Shinjuu,TV,13,2016-1-9,2016-4-2,Winter,Studio Deen,Manga,"Drama,Historical,Josei",26 min. per ep.,PG-13,8.63,46836,139271,3226,shouwa-genroku-rakugo-shinjuu
36,Kara no Kyoukai 5: Mujun Rasen,Movie,1,2008-8-16,2008-8-23,Fall,ufotable,Light novel,"Action,Mystery,Supernatural,Drama,Romance,Thriller",1 hr. 54 min.,R,8.63,78064,138255,2973,kara-no-kyoukai-5:-mujun-rasen
37,JoJo no Kimyou na Bouken: Diamond wa Kudakenai,TV,39,2016-4-2,2016-12-24,Spring,David Production,Manga,"Action,Adventure,Comedy,Supernatural,Drama,Shounen",23 min. per ep.,R,8.64,96615,176448,6981,jojo-no-kimyou-na-bouken:-diamond-wa-kudakenai
38,Mushishi Special: Hihamukage,Special,1,2014-1-4,2014-1-11,Spring,Artland,Manga,"Adventure,Slice of Life,Mystery,Historical,Supernatural,Fantasy,Seinen",45 min.,PG-13,8.64,35673,66879,101,mushishi-special:-hihamukage
39,Natsume Yuujinchou Go,TV,11,2016-10-5,2016-12-21,Fall,Shuka,Manga,"Slice of Life,Supernatural,Drama,Fantasy,Shoujo",23 min. per ep.,PG-13,8.64,30968,79095,453,natsume-yuujinchou-go
40,Yojouhan Shinwa Taikei,TV,11,2010-4-23,2010-7-2,Spring,Madhouse,Novel,"Mystery,Comedy,Psychological,Romance",23 min. per ep.,R,8.65,59567,180689,9301,yojouhan-shinwa-taikei
41,Sora yori mo Tooi Basho,TV,13,2018-1-2,2018-3-27,Winter,Madhouse,Original,"Slice of Life,Adventure",23 min. per ep.,PG-13,8.65,35256,98573,2008,sora-yori-mo-tooi-basho
42,Ping Pong The Animation,TV,11,2014-4-11,2014-6-20,Spring,Tatsunoko Production,Manga,"Sports,Psychological,Drama,Seinen",23 min. per ep.,PG-13,8.65,71878,144440,6965,ping-pong-the-animation
43,Natsume Yuujinchou San,TV,13,2011-7-5,2011-9-27,Summer,Brain's Base,Manga,"Drama,Fantasy,Shoujo,Slice of Life,Supernatural",24 min. per ep.,PG-13,8.65,68203,137602,973,natsume-yuujinchou-san
44,Pingu in the City,TV,26,2017-10-7,2018-3-31,Fall,Polygon Pictures,Other,"Slice of Life,Comedy,Kids",7 min. per ep.,G,8.66,5977,21226,619,pingu-in-the-city
45,Haikyuu!!,TV,25,2014-4-6,2014-9-21,Spring,Production I.G,Manga,"Comedy,Drama,School,Shounen,Sports",24 min. per ep.,PG-13,8.66,272976,473577,23414,haikyuu!!
46,Fate/Zero 2nd Season,TV,12,2012-4-8,2012-6-24,Spring,ufotable,Novel,"Action,Supernatural,Magic,Fantasy",24 min. per ep.,R,8.66,308831,492593,10880,fate/zero-2nd-season
47,Ansatsu Kyoushitsu 2nd Season,TV,25,2016-1-8,2016-7-1,Winter,Lerche,Manga,"Action,Comedy,School,Shounen",23 min. per ep.,PG-13,8.66,207074,369455,6549,ansatsu-kyoushitsu-2nd-season
48,Saiki Kusuo no Ψ-nan (TV) 2,TV,24,2018-1-17,2018-7-4,Winter,"J.C.Staff,Egg Firm",Manga,"Slice of Life,Comedy,Supernatural,School,Shounen",24 min. per ep.,PG-13,8.67,11176,53301,372,saiki-kusuo-no-ψ-nan-(tv)-2
49,Hajime no Ippo: Rising,TV,25,2013-10-6,2014-3-29,Fall,"Madhouse,MAPPA",Manga,"Comedy,Sports,Drama,Shounen",22 min. per ep.,PG-13,8.67,58403,101167,639,hajime-no-ippo:-rising
50,Bakuman. 3rd Season,TV,25,2012-10-6,2013-3-30,Fall,J.C.Staff,Manga,"Comedy,Drama,Romance,Shounen",24 min. per ep.,PG-13,8.67,106543,180516,2061,bakuman.-3rd-season
51,Death Note,TV,37,2006-10-4,2007-6-27,Fall,Madhouse,Manga,"Mystery,Police,Psychological,Supernatural,Thriller,Shounen",23 min. per ep.,R,8.67,993775,1432871,87872,death-note
52,Kizumonogatari II: Nekketsu-hen,Movie,1,2016-8-19,2016-8-26,Fall,Shaft,Light novel,"Action,Mystery,Supernatural,Vampire",1 hr. 4 min.,R,8.7,69241,132506,744,kizumonogatari-ii:-nekketsu-hen
53,Mushishi Zoku Shou: Suzu no Shizuku,Movie,1,2015-5-16,2015-5-23,Summer,Artland,Manga,"Adventure,Fantasy,Historical,Mystery,Seinen,Slice of Life,Supernatural",47 min.,PG-13,8.71,21922,54408,123,mushishi-zoku-shou:-suzu-no-shizuku
54,Natsume Yuujinchou Shi,TV,13,2012-1-3,2012-3-27,Winter,Brain's Base,Manga,"Slice of Life,Supernatural,Drama,Fantasy,Shoujo",24 min. per ep.,PG-13,8.72,61530,130966,1387,natsume-yuujinchou-shi
55,Suzumiya Haruhi no Shoushitsu,Movie,1,2010-2-6,2010-2-13,Spring,Kyoto Animation,Light novel,"Comedy,Mystery,Romance,School,Sci-Fi,Supernatural",2 hr. 42 min.,PG-13,8.73,177650,319467,8499,suzumiya-haruhi-no-shoushitsu
56,One Punch Man,TV,12,2015-10-5,2015-12-21,Fall,Madhouse,Web manga,"Action,Sci-Fi,Comedy,Parody,Super Power,Supernatural,Seinen",24 min. per ep.,R,8.73,675113,994888,30140,one-punch-man
57,Howl no Ugoku Shiro,Movie,1,2004-11-20,2004-11-27,Winter,Studio Ghibli,Novel,"Adventure,Drama,Fantasy,Romance",1 hr. 57 min.,G,8.73,329436,473914,9640,howl-no-ugoku-shiro
58,Hajime no Ippo: New Challenger,TV,26,2009-1-7,2009-7-1,Winter,Madhouse,Manga,"Comedy,Sports,Drama,Shounen",23 min. per ep.,PG-13,8.73,76696,124203,1060,hajime-no-ippo:-new-challenger
59,Tengen Toppa Gurren Lagann,TV,27,2007-4-1,2007-9-30,Spring,Gainax,Original,"Action,Adventure,Comedy,Mecha,Sci-Fi",24 min. per ep.,PG-13,8.74,443327,775577,49556,tengen-toppa-gurren-lagann
60,Mushishi,TV,26,2005-10-23,2006-6-19,Fall,Artland,Manga,"Adventure,Fantasy,Historical,Mystery,Seinen,Slice of Life,Supernatural",25 min. per ep.,PG-13,8.74,145817,402744,17849,mushishi
61,Great Teacher Onizuka,TV,43,1999-6-30,2000-9-17,Summer,Studio Pierrot,Manga,"Comedy,Drama,School,Shounen,Slice of Life",25 min. per ep.,R,8.74,185291,355842,13951,great-teacher-onizuka
62,Natsume Yuujinchou Roku,TV,11,2017-4-12,2017-6-21,Spring,Shuka,Manga,"Drama,Fantasy,Shoujo,Slice of Life,Supernatural",23 min. per ep.,PG-13,8.75,23690,64281,506,natsume-yuujinchou-roku
63,Mushishi Zoku Shou,TV,10,2014-4-5,2014-6-21,Spring,Artland,Manga,"Adventure,Slice of Life,Mystery,Historical,Supernatural,Fantasy,Seinen",24 min. per ep.,PG-13,8.77,59834,143770,874,mushishi-zoku-shou
64,Monogatari Series: Second Season,TV,26,2013-7-7,2013-12-29,Summer,Shaft,Light novel,"Mystery,Comedy,Supernatural,Romance,Vampire",24 min. per ep.,R,8.77,159599,299227,11763,monogatari-series:-second-season
65,Boku no Hero Academia 2nd Season,TV,25,2017-4-1,2017-9-30,Spring,Bones,Manga,"Action,Comedy,Super Power,School,Shounen",23 min. per ep.,PG-13,8.77,330448,555433,11228,boku-no-hero-academia-2nd-season
66,Ookami Kodomo no Ame to Yuki,Movie,1,2012-7-21,2012-7-28,Fall,Studio Chizu,Original,"Slice of Life,Fantasy",1 hr. 57 min.,PG,8.77,201346,351703,7014,ookami-kodomo-no-ame-to-yuki
67,Rurouni Kenshin: Meiji Kenkaku Romantan - Tsuioku-hen,OVA,4,1999-2-20,1999-9-22,Movie,Studio Deen,Manga,"Action,Historical,Drama,Romance,Martial Arts,Samurai",30 min. per ep.,R,8.79,88381,165485,4640,rurouni-kenshin:-meiji-kenkaku-romantan---tsuioku-hen
68,Code Geass: Hangyaku no Lelouch,TV,25,2006-10-6,2007-7-29,Fall,Sunrise,Original,"Action,Military,Sci-Fi,Super Power,Drama,Mecha,School",24 min. per ep.,R,8.79,619589,972802,62965,code-geass:-hangyaku-no-lelouch
69,Mononoke Hime,Movie,1,1997-7-12,1997-7-19,Fall,Studio Ghibli,Original,"Action,Adventure,Fantasy",2 hr. 10 min.,PG-13,8.8,328929,499571,10540,mononoke-hime
70,Hajime no Ippo,TV,75,2000-10-4,2002-3-27,Fall,Madhouse,Manga,"Comedy,Sports,Drama,Shounen",23 min. per ep.,PG-13,8.8,114872,225314,10649,hajime-no-ippo
71,Cowboy Bebop,TV,26,1998-4-3,1999-4-24,Spring,Sunrise,Original,"Action,Adventure,Comedy,Drama,Sci-Fi,Space",24 min. per ep.,R,8.81,359700,695231,38654,cowboy-bebop
72,Mushishi Zoku Shou 2nd Season,TV,10,2014-10-19,2014-12-21,Fall,Artland,Manga,"Adventure,Fantasy,Historical,Mystery,Seinen,Slice of Life,Supernatural",23 min. per ep.,PG-13,8.83,48104,116262,693,mushishi-zoku-shou-2nd-season
73,Gintama.: Shirogane no Tamashii-hen,TV,12,2018-1-8,2018-3-26,Winter,Bandai Namco Pictures,Manga,"Action,Sci-Fi,Comedy,Historical,Parody,Samurai,Shounen",24 min. per ep.,PG-13,8.86,13190,39829,388,gintama.:-shirogane-no-tamashii-hen
74,Shouwa Genroku Rakugo Shinjuu: Sukeroku Futatabi-hen,TV,12,2017-1-7,2017-3-25,Winter,Studio Deen,Manga,"Historical,Drama,Josei",24 min. per ep.,PG-13,8.87,26744,73103,1360,shouwa-genroku-rakugo-shinjuu:-sukeroku-futatabi-hen
75,Shigatsu wa Kimi no Uso,TV,22,2014-10-10,2015-3-20,Fall,A-1 Pictures,Manga,"Drama,Music,Romance,School,Shounen",22 min. per ep.,PG-13,8.88,404812,701954,38990,shigatsu-wa-kimi-no-uso
76,Kizumonogatari III: Reiketsu-hen,Movie,1,2017-1-6,2017-1-13,Spring,Shaft,Light novel,"Action,Mystery,Supernatural,Vampire",1 hr. 23 min.,R,8.88,59924,125489,1477,kizumonogatari-iii:-reiketsu-hen
77,Haikyuu!! Second Season,TV,25,2015-10-4,2016-3-27,Fall,Production I.G,Manga,"Comedy,Sports,Drama,School,Shounen",24 min. per ep.,PG-13,8.88,201157,326190,6480,haikyuu!!-second-season
78,Sen to Chihiro no Kamikakushi,Movie,1,2001-7-20,2001-7-27,Fall,Studio Ghibli,Original,"Adventure,Supernatural,Drama",2 hr. 5 min.,PG,8.92,490546,693611,15225,sen-to-chihiro-no-kamikakushi
79,Made in Abyss,TV,13,2017-7-7,2017-9-29,Summer,Kinema Citrus,Web manga,"Sci-Fi,Adventure,Mystery,Drama,Fantasy",25 min. per ep.,R,8.92,157920,308918,11246,made-in-abyss
80,Code Geass: Hangyaku no Lelouch R2,TV,25,2008-4-6,2008-9-28,Spring,Sunrise,Original,"Action,Drama,Mecha,Military,Sci-Fi,Super Power",24 min. per ep.,R,8.95,536915,780346,43856,code-geass:-hangyaku-no-lelouch-r2
81,Haikyuu!!: Karasuno Koukou VS Shiratorizawa Gakuen Koukou,TV,10,2016-10-8,2016-12-10,Fall,Production I.G,Manga,"Comedy,Sports,Drama,School,Shounen",24 min. per ep.,PG-13,8.99,154220,245797,4078,haikyuu!!:-karasuno-koukou-vs-shiratorizawa-gakuen-koukou
82,Gintama,TV,201,2006-4-4,2010-3-25,Spring,Sunrise,Manga,"Action,Sci-Fi,Comedy,Historical,Parody,Samurai,Shounen",24 min. per ep.,PG-13,9.01,139984,452486,33507,gintama
83,Clannad: After Story,TV,24,2008-10-3,2009-3-27,Fall,Kyoto Animation,Visual novel,"Slice of Life,Comedy,Supernatural,Drama,Romance",24 min. per ep.,PG-13,9.01,359297,599866,47076,clannad:-after-story
84,Gintama.,TV,12,2017-1-9,2017-3-27,Winter,Bandai Namco Pictures,Manga,"Action,Comedy,Historical,Parody,Samurai,Sci-Fi,Shounen",24 min. per ep.,PG-13,9.02,39493,89409,1222,gintama.
85,Owarimonogatari 2nd Season,TV,7,2017-8-12,2017-8-13,Summer,Shaft,Light novel,"Mystery,Comedy,Supernatural,Vampire",22 min. per ep.,R,9.03,40936,109651,2372,owarimonogatari-2nd-season
86,Koe no Katachi,Movie,1,2016-9-17,2016-9-24,Fall,Kyoto Animation,Manga,"Drama,School,Shounen",2 hr. 10 min.,PG-13,9.04,283214,491799,18911,koe-no-katachi
87,Gintama Movie 2: Kanketsu-hen - Yorozuya yo Eien Nare,Movie,1,2013-7-6,2013-7-13,Fall,Sunrise,Manga,"Action,Sci-Fi,Comedy,Historical,Parody,Samurai,Shounen",1 hr. 50 min.,PG-13,9.04,60295,104021,1374,gintama-movie-2:-kanketsu-hen---yorozuya-yo-eien-nare
88,Gintama': Enchousen,TV,13,2012-10-4,2013-3-28,Fall,Sunrise,Manga,"Action,Comedy,Historical,Parody,Samurai,Sci-Fi,Shounen",24 min. per ep.,PG-13,9.07,62582,121612,1498,gintama':-enchousen
89,3-gatsu no Lion 2nd Season,TV,22,2017-10-14,2018-3-31,Fall,Shaft,Manga,"Drama,Game,Seinen,Slice of Life",25 min. per ep.,PG-13,9.1,26284,80166,1961,3-gatsu-no-lion-2nd-season
90,Hunter x Hunter (2011),TV,148,2011-10-2,2014-9-24,Fall,Madhouse,Manga,"Action,Adventure,Super Power,Shounen",23 min. per ep.,PG-13,9.11,395162,705225,63324,hunter-x-hunter-(2011)
91,Gintama',TV,51,2011-4-4,2012-3-26,Spring,Sunrise,Manga,"Action,Sci-Fi,Comedy,Historical,Parody,Samurai,Shounen",24 min. per ep.,PG-13,9.11,90758,212238,4533,gintama'
92,Ginga Eiyuu Densetsu,OVA,110,1988-1-8,1997-3-17,Movie,"Artland,Magic Bus",Novel,"Military,Sci-Fi,Space,Drama",26 min. per ep.,R,9.11,28452,121772,8370,ginga-eiyuu-densetsu
93,Steins;Gate,TV,24,2011-4-6,2011-9-14,Spring,White Fox,Visual novel,"Sci-Fi,Thriller",24 min. per ep.,PG-13,9.14,552791,990419,90365,steins;gate
94,Steins;Gate 0,TV,23,2018-4-12,2018-9-20,Spring,White Fox,Visual novel,"Sci-Fi,Thriller",23 min. per ep.,PG-13,9.16,12609,186331,1117,steins;gate-0
95,Gintama°,TV,51,2015-4-8,2016-3-30,Spring,Bandai Namco Pictures,Manga,"Action,Comedy,Historical,Parody,Samurai,Sci-Fi,Shounen",24 min. per ep.,R,9.16,70279,194359,5597,gintama°
96,Kimi no Na wa.,Movie,1,2016-8-26,2016-9-2,Fall,CoMix Wave Films,Original,"Supernatural,Drama,Romance,School",1 hr. 46 min.,PG-13,9.19,454969,705186,33936,kimi-no-na-wa.
97,Fullmetal Alchemist: Brotherhood,TV,64,2009-4-5,2010-7-4,Spring,Bones,Manga,"Action,Military,Adventure,Comedy,Drama,Magic,Fantasy,Shounen",24 min. per ep.,R,9.25,719706,1176368,105387,fullmetal-alchemist:-brotherhood
