[{"id": 0, "genre": "Kids", "count": 1}, {"id": 1, "genre": "Martial Arts", "count": 1}, {"id": 2, "genre": "Music", "count": 1}, {"id": 3, "genre": "Game", "count": 1}, {"id": 4, "genre": "Horror", "count": 2}, {"id": 5, "genre": "Demons", "count": 2}, {"id": 6, "genre": "Police", "count": 2}, {"id": 7, "genre": "Magic", "count": 2}, {"id": 8, "genre": "Josei", "count": 3}, {"id": 9, "genre": "Space", "count": 3}, {"id": 10, "genre": "Mecha", "count": 4}, {"id": 11, "genre": "Psychological", "count": 5}, {"id": 12, "genre": "Vampire", "count": 5}, {"id": 13, "genre": "Super Power", "count": 5}, {"id": 14, "genre": "Thriller", "count": 6}, {"id": 15, "genre": "Military", "count": 7}, {"id": 16, "genre": "Shoujo", "count": 7}, {"id": 17, "genre": "Samurai", "count": 12}, {"id": 18, "genre": "Parody", "count": 12}, {"id": 19, "genre": "Sports", "count": 13}, {"id": 20, "genre": "Romance", "count": 15}, {"id": 21, "genre": "Seinen", "count": 16}, {"id": 22, "genre": "School", "count": 18}, {"id": 23, "genre": "Mystery", "count": 18}, {"id": 24, "genre": "Adventure", "count": 19}, {"id": 25, "genre": "Fantasy", "count": 21}, {"id": 26, "genre": "Historical", "count": 24}, {"id": 27, "genre": "Sci-Fi", "count": 25}, {"id": 28, "genre": "Slice of Life", "count": 27}, {"id": 29, "genre": "Shounen", "count": 35}, {"id": 30, "genre": "Action", "count": 36}, {"id": 31, "genre": "Supernatural", "count": 36}, {"id": 32, "genre": "Drama", "count": 44}, {"id": 33, "genre": "Comedy", "count": 45}]