,0
0,Kodansha
1,Shogakukan Productions
2,Medicos Entertainment
3,Daiichikosho
4,NHK-BS2
5,flying DOG
6,Imagica
7,Annapuru
8,Topcraft
9,Studio Tulip
10,RCC Chugoku Broadcasting
11,Just Pro
12,Yomiuri Advertising
13,TMS-Kyokuchi
14,5pb.
15,Shochiku
16,famima.com
17,BeSTACK
18,Media Factory
19,Apollon
20,Miracle Bus
21,Capcom
22,Ultra Super Pictures
23,Kimi To Boku Production Partners
24,BS-TBS
25,Dream Creation
26,Trick Block
27,NTT Plala
28,Studio Moriken
29,Omnibus Japan
30,Big Bang
31,Shogakukan
32,Walt Disney Studios
33,bilibili
34,501st JOINT FIGHTER WING
35,Sotsu
36,SoftBank Creative Corp.
37,CBC
38,KBS
39,G&G Entertainment
40,Bushiroad
41,T.O Entertainment
42,YTV
43,Bandai Namco Entertainment
44,Infinite
45,Animatic
46,Sogo Vision
47,Happinet Pictures
48,Studio Izena
49,Yoon's Color
50,MAGES.
51,Project Railgun
52,Bandai
53,Dentsu
54,Notes
55,Madhouse
56,CREi
57,d-rights
58,Dentsu Tec
59,Myung Films
60,Kinoshita Group Holdings
61,Bandai Namco Games
62,TV Setouchi
63,WAO World
64,Yoshimoto Creative Agency
65,Palm Studio
66,Sound Team Don Juan
67,Directions
68,Banpresto
69,comico
70,TV Tokyo
71,Daume
72,Asatsu DK
73,Mainichi Broadcasting System
74,NHK
75,Tencent Animation
76,Sony Pictures Entertainment
77,Tokyo Movie Shinsha
78,Amuse
79,AIC
80,KlockWorx
81,Kanon Sound
82,Age Global Networks
83,Sav! The World Productions
84,Asmik Ace Entertainment
85,Sony Music Communications
86,Youmex
87,Production Reed
88,Cygames
89,Studio Nue
90,Lucent Pictures Entertainment
91,Amber Film Works
92,SKY Perfect Well Think
93,TMS Entertainment
94,Kyoto Animation
95,Nikkatsu
96,Tasogare Otome×Amnesia Production Partners
97,Sega
98,Good Smile Company
99,Fujio Production
100,PRA
101,Marza Animation Planet
102,TC Entertainment
103,Studio Take Off
104,Toy's Factory
105,Victor Entertainment
106,North Stars Pictures
107,GYAO!
108,GAGA
109,Earth Star Entertainment
110,Kadokawa Media House
111,Sony Music Entertainment
112,MediaNet
113,BS NTV
114,Grooove
115,Konami Digital Entertainment
116,Dear Stage inc.
117, Aniplex
118,Nishinippon Broadcasting
119,Mobcast
120,Pony Canyon Enterprise
121,Nippon Columbia
122,MK Pictures
123,Magic Bus
124,Cospa
125,Hakuhodo DY Media Partners
126,Nagoya TV Housou
127,Opera House
128,Yomiuri TV Enterprise
129,Shounen Gahousha
130,Contents Seed
131,Iwatobi High School Swimming Club
132,Frontier Works
133,Front Line
134,Studio Mausu
135,Shochiku Music Publishing
136,Avex Pictures
137,Flex Comix
138,ASCII Media Works
139,Kadokawa Pictures Japan
140,Shueisha
141,King Records
142,Studio Hibari
143,NAZ
144,AMG MUSIC
145,Tokuma Shoten
146,DIVE II Entertainment
147,Genco
148,Drecom
149,Sakura Create
150,Daiichi Shokai CO.
151,USEN
152,Yumeta Company
153,StudioRF Inc.
154,Yaoqi
155,Nihon Ad Systems
156,Jay Zone Comic
157,CIC
158,Tohokushinsha Film Corporation
159,Futabasha
160,Lawson HMV Entertainment
161,I Will
162,Yomiuri Telecasting
163,Madoka Partners
164,Sanrio
165,Memory-Tech
166,Half H.P Studio
167,KSS
168,Movic
169,Hal Film Maker
170,Media Rings
171,CoMix Wave Films
172,Ai Addiction
173,Tokai Television
174,Sotsu Music Publishing
175,Q-Tec
176,Studio Fantasia
177,tsuritama partners
178,TV Asahi
179,Dynamic Planning
180,Kanetsu Co.
181,Eye Move
182,WOWOW
183,Kobunsha
184,Audio Tanaka
185,UNLIMITED Partners
186,Beyond C.
187,Polygram Japan
188,AQUAPLUS
189,Tokuma Japan Communications
190,Ashi Production
191,Sunny Side Up
192,Shingeki no Kyojin Team
193,DAX Production
194,East Japan Marketing & Communications
195,Enlight Pictures
196,J.C.Staff
197,Houbunsha
198,Melonbooks
199,i0+
200,Fuji TV
201,Studio Gram
202,Kadokawa Contents Gate
203,Geneon Universal Entertainment
204,Yomiko Advertising
205,Animax
206,chara-ani.com
207,Barnum Studio
208,Audio Highs
209,Atlus
210,Studio Mir
211,Kaname Productions
212,Toranoana
213,TV Osaka
214,ILCA
215,Studio Pierrot
216,Production I.G
217,SamBakZa
218,SoftX
219,Music Ray'n
220,Starchild Records
221,Mainichi Shimbun
222,A-Sketch
223,Showgate
224,Kadokawa Shoten
225,Pioneer LDC
226,Animation Do
227,Index
228,NHK Enterprises
229,Dai Nippon Printing
230,Kinoshita Koumuten
231,BMG Japan
232,Anime Consortium Japan
233,Kitty Films
234,Marvelous AQL
235,Exit Tunes
236,Tokyo MX
237,Sumitomo
238,China Literature Limited
239,ONEMUSIC
240,DeNA
241,TAP
242,NewGin
243,Konami
244,Kiyosumi High School Mahjong Club
245,Trinity Sound
246,Shogakukan Music & Digital Entertainment
247,Group TAC
248,Kids Station
249,Fuji Creative
250,Imagin
251,Egg Firm
252,Jumondo
253,Jade Animation
254,NTT Docomo
255,Animate Film
256,Nichion
257,Big West
258,Takeshobo
259,Marvelous
260,Avex Entertainment
261,Lawson
262,Pierrot Plus
263,Inu x Boku SS Production Partners
264,GANSIS
265,Bandai Visual
266,Cosmic Ray
267,Forecast Communications
268,NBCUniversal Entertainment Japan
269,Hakusensha
270,Aniplex
271,Dream Force
272,Tencent Penguin Pictures
273,Graphinica
274,Atelier Musa
275,Nippon Television Music
276,Voyager Entertainment
277,Kadokawa
278,Toshiba Entertainment
279,TV Saitama
280,OB Planning
281,INCS toenter
282,HoriPro
283,TOHO animation
284,Kyoraku Industrial Holdings
285,Carp Studio
286,Shin-Ei Animation
287,TV Tokyo Music
288,Mag Garden
289,Lucky Paradise
290,Cyclone Graphics inc
291,Fields
292,Seikaisha
293,Mad Box
294, LTD
295,Studio Kelmadick
296,Bandai Namco Live Creative
297,SME Visual Works
298,Studio Kyuuma
299,E&G Films
300,AKABEiSOFT2
301,Production Ace
302,Glovision
303,Rikuentai
304,AKOM
305,M.S.C
306,RAB Aomori Broadcasting
307,Visual Art's
308,Quaras
309,Gainax
310,Koei
311,Sony PCL
312,OLM
313,Hiroshima Television
314,Kansai Telecasting
315,Bungeishunjuu
316,Furyu
317,Nitroplus
318,DMM pictures
319,Toho
320,Toei Video
321,Studio Wombat
322,Sammy
323,Docomo Anime Store
324,Robot Communications
325,Tokyu Recreation
326,Square Enix
327,Academy Productions
328,Magic Capsule
329,EMI
330,Tokuma Japan
331,Hoods Entertainment
332,VAP
333,Hasbro
334,Kinyosha
335,Rondo Robe
336,BS11
337,Khara
338,The Answer Studio
339,C & I entertainment
340,Tatsunoko Production
341,Crunchyroll SC Anime Fund
342,Marubeni
343,Trilogy Future Studio
344,Studio Jack
345,Studio Deen
346,A-Line
347,Mellow Head
348,Tokyo Theatres
349,Code
350,Studio Zain
351,Enterbrain
352,Top-Insight International Co.
353,TYO
354,RAY
355,Project No Name
356,Rakuonsha
357,Warner Music Japan
358,Pony Canyon
359,Nozomi Entertainment
360,Hakuhodo DY Music & Pictures
361,Asahi Broadcasting
362,Broccoli
363,TBS
364,Sunrise
365,Bandai Channel
366,Warner Bros.
367,Shelty
368,GDH
369,Delfi Sound
370,Jinnan Studio
371,Animatsu Entertainment
372,DMM.com
373,Nippon Television Network
374,BS Fuji
375,81 Produce
376,SEDIC International
377,Ichijinsha
378,Möbius Tone
379,Fujimi Shobo
380,Dwango
381,Marui Group
382,Fuji Pacific Music Publishing
383,Plus One
384,CLOVERWORKS
385,DiC Entertainment
386,AT-X
387,Miracle Robo
388,Shinchosha
389, LTD.
390,Marine Entertainment
391,Romantica club !!
392,Anpro
393,Telescreen BV
394,Akita Shoten
395,Lantis
396,Yahoo! Japan
397,ABC Animation
398,BS Japan
