[{"id": 0, "studio": "Manglobe", "count": 1}, {"id": 1, "studio": "Madhouse,Satelight,Graphinica", "count": 1}, {"id": 2, "studio": "TMS Entertainment", "count": 1}, {"id": 3, "studio": "Toei Animation", "count": 1}, {"id": 4, "studio": "Hal Film Maker", "count": 1}, {"id": 5, "studio": "Tokyo Movie Shinsha", "count": 1}, {"id": 6, "studio": "Tatsunoko Production", "count": 1}, {"id": 7, "studio": "Polygon Pictures", "count": 1}, {"id": 8, "studio": "Lerche", "count": 1}, {"id": 9, "studio": "Madhouse,MAPPA", "count": 1}, {"id": 10, "studio": "J.C.Staff", "count": 1}, {"id": 11, "studio": "Gainax", "count": 1}, {"id": 12, "studio": "Kinema Citrus", "count": 1}, {"id": 13, "studio": "Artland,Magic Bus", "count": 1}, {"id": 14, "studio": "CoMix Wave Films", "count": 1}, {"id": 15, "studio": "Studio Chizu", "count": 2}, {"id": 16, "studio": "SynergySP", "count": 2}, {"id": 17, "studio": "Studio Pierrot", "count": 2}, {"id": 18, "studio": "J.C.Staff,Egg Firm", "count": 2}, {"id": 19, "studio": "David Production", "count": 2}, {"id": 20, "studio": "Shuka", "count": 2}, {"id": 21, "studio": "Bones", "count": 3}, {"id": 22, "studio": "ufotable", "count": 3}, {"id": 23, "studio": "White Fox", "count": 3}, {"id": 24, "studio": "Studio Deen", "count": 3}, {"id": 25, "studio": "Brain's Base", "count": 4}, {"id": 26, "studio": "Studio Ghibli", "count": 4}, {"id": 27, "studio": "Bandai Namco Pictures", "count": 5}, {"id": 28, "studio": "Kyoto Animation", "count": 5}, {"id": 29, "studio": "A-1 Pictures", "count": 5}, {"id": 30, "studio": "Shaft", "count": 5}, {"id": 31, "studio": "Artland", "count": 6}, {"id": 32, "studio": "Production I.G", "count": 7}, {"id": 33, "studio": "Madhouse", "count": 9}, {"id": 34, "studio": "Sunrise", "count": 9}]