[{"studio_id": 0, "genre_id": 30}, {"studio_id": 0, "genre_id": 24}, {"studio_id": 0, "genre_id": 33}, {"studio_id": 0, "genre_id": 26}, {"studio_id": 0, "genre_id": 17}, {"studio_id": 0, "genre_id": 29}, {"studio_id": 15, "genre_id": 24}, {"studio_id": 15, "genre_id": 31}, {"studio_id": 32, "genre_id": 33}, {"studio_id": 32, "genre_id": 19}, {"studio_id": 32, "genre_id": 22}, {"studio_id": 32, "genre_id": 29}, {"studio_id": 27, "genre_id": 33}, {"studio_id": 27, "genre_id": 18}, {"studio_id": 16, "genre_id": 33}, {"studio_id": 16, "genre_id": 32}, {"studio_id": 16, "genre_id": 20}, {"studio_id": 16, "genre_id": 22}, {"studio_id": 16, "genre_id": 19}, {"studio_id": 17, "genre_id": 30}, {"studio_id": 17, "genre_id": 15}, {"studio_id": 17, "genre_id": 26}, {"studio_id": 17, "genre_id": 21}, {"studio_id": 21, "genre_id": 30}, {"studio_id": 21, "genre_id": 28}, {"studio_id": 21, "genre_id": 33}, {"studio_id": 21, "genre_id": 31}, {"studio_id": 32, "genre_id": 8}, {"studio_id": 32, "genre_id": 28}, {"studio_id": 28, "genre_id": 28}, {"studio_id": 28, "genre_id": 33}, {"studio_id": 28, "genre_id": 22}, {"studio_id": 31, "genre_id": 24}, {"studio_id": 31, "genre_id": 28}, {"studio_id": 31, "genre_id": 23}, {"studio_id": 31, "genre_id": 26}, {"studio_id": 31, "genre_id": 31}, {"studio_id": 31, "genre_id": 25}, {"studio_id": 31, "genre_id": 21}, {"studio_id": 33, "genre_id": 30}, {"studio_id": 33, "genre_id": 27}, {"studio_id": 33, "genre_id": 4}, {"studio_id": 33, "genre_id": 11}, {"studio_id": 33, "genre_id": 32}, {"studio_id": 33, "genre_id": 21}, {"studio_id": 22, "genre_id": 30}, {"studio_id": 22, "genre_id": 23}, {"studio_id": 22, "genre_id": 31}, {"studio_id": 22, "genre_id": 20}, {"studio_id": 22, "genre_id": 14}, {"studio_id": 34, "genre_id": 30}, {"studio_id": 34, "genre_id": 27}, {"studio_id": 34, "genre_id": 33}, {"studio_id": 34, "genre_id": 26}, {"studio_id": 34, "genre_id": 18}, {"studio_id": 34, "genre_id": 17}, {"studio_id": 34, "genre_id": 29}, {"studio_id": 1, "genre_id": 30}, {"studio_id": 1, "genre_id": 15}, {"studio_id": 1, "genre_id": 4}, {"studio_id": 1, "genre_id": 31}, {"studio_id": 1, "genre_id": 12}, {"studio_id": 1, "genre_id": 21}, {"studio_id": 2, "genre_id": 33}, {"studio_id": 2, "genre_id": 5}, {"studio_id": 2, "genre_id": 31}, {"studio_id": 2, "genre_id": 20}, {"studio_id": 2, "genre_id": 25}, {"studio_id": 2, "genre_id": 16}, {"studio_id": 3, "genre_id": 33}, {"studio_id": 3, "genre_id": 19}, {"studio_id": 3, "genre_id": 32}, {"studio_id": 3, "genre_id": 22}, {"studio_id": 3, "genre_id": 29}, {"studio_id": 18, "genre_id": 28}, {"studio_id": 18, "genre_id": 33}, {"studio_id": 18, "genre_id": 31}, {"studio_id": 18, "genre_id": 22}, {"studio_id": 18, "genre_id": 29}, {"studio_id": 29, "genre_id": 30}, {"studio_id": 29, "genre_id": 33}, {"studio_id": 29, "genre_id": 26}, {"studio_id": 29, "genre_id": 5}, {"studio_id": 29, "genre_id": 31}, {"studio_id": 29, "genre_id": 25}, {"studio_id": 25, "genre_id": 32}, {"studio_id": 25, "genre_id": 20}, {"studio_id": 25, "genre_id": 16}, {"studio_id": 25, "genre_id": 31}, {"studio_id": 26, "genre_id": 32}, {"studio_id": 26, "genre_id": 26}, {"studio_id": 32, "genre_id": 30}, {"studio_id": 32, "genre_id": 15}, {"studio_id": 32, "genre_id": 27}, {"studio_id": 32, "genre_id": 23}, {"studio_id": 32, "genre_id": 6}, {"studio_id": 32, "genre_id": 10}, {"studio_id": 32, "genre_id": 21}, {"studio_id": 29, "genre_id": 28}, {"studio_id": 29, "genre_id": 32}, {"studio_id": 29, "genre_id": 23}, {"studio_id": 29, "genre_id": 11}, {"studio_id": 29, "genre_id": 21}, {"studio_id": 29, "genre_id": 27}, {"studio_id": 29, "genre_id": 9}, {"studio_id": 19, "genre_id": 30}, {"studio_id": 19, "genre_id": 24}, {"studio_id": 19, "genre_id": 32}, {"studio_id": 19, "genre_id": 29}, {"studio_id": 19, "genre_id": 31}, {"studio_id": 28, "genre_id": 32}, {"studio_id": 28, "genre_id": 25}, {"studio_id": 23, "genre_id": 27}, {"studio_id": 23, "genre_id": 32}, {"studio_id": 33, "genre_id": 26}, {"studio_id": 33, "genre_id": 14}, {"studio_id": 27, "genre_id": 30}, {"studio_id": 27, "genre_id": 27}, {"studio_id": 27, "genre_id": 26}, {"studio_id": 27, "genre_id": 17}, {"studio_id": 27, "genre_id": 29}, {"studio_id": 4, "genre_id": 25}, {"studio_id": 4, "genre_id": 27}, {"studio_id": 4, "genre_id": 29}, {"studio_id": 4, "genre_id": 28}, {"studio_id": 5, "genre_id": 30}, {"studio_id": 5, "genre_id": 32}, {"studio_id": 5, "genre_id": 29}, {"studio_id": 5, "genre_id": 28}, {"studio_id": 5, "genre_id": 19}, {"studio_id": 25, "genre_id": 25}, {"studio_id": 25, "genre_id": 28}, {"studio_id": 24, "genre_id": 32}, {"studio_id": 24, "genre_id": 26}, {"studio_id": 24, "genre_id": 8}, {"studio_id": 22, "genre_id": 32}, {"studio_id": 19, "genre_id": 33}, {"studio_id": 20, "genre_id": 28}, {"studio_id": 20, "genre_id": 31}, {"studio_id": 20, "genre_id": 32}, {"studio_id": 20, "genre_id": 25}, {"studio_id": 20, "genre_id": 16}, {"studio_id": 33, "genre_id": 23}, {"studio_id": 33, "genre_id": 33}, {"studio_id": 33, "genre_id": 20}, {"studio_id": 33, "genre_id": 28}, {"studio_id": 33, "genre_id": 24}, {"studio_id": 6, "genre_id": 19}, {"studio_id": 6, "genre_id": 11}, {"studio_id": 6, "genre_id": 32}, {"studio_id": 6, "genre_id": 21}, {"studio_id": 7, "genre_id": 28}, {"studio_id": 7, "genre_id": 33}, {"studio_id": 7, "genre_id": 0}, {"studio_id": 32, "genre_id": 32}, {"studio_id": 22, "genre_id": 7}, {"studio_id": 22, "genre_id": 25}, {"studio_id": 8, "genre_id": 30}, {"studio_id": 8, "genre_id": 33}, {"studio_id": 8, "genre_id": 22}, {"studio_id": 8, "genre_id": 29}, {"studio_id": 9, "genre_id": 33}, {"studio_id": 9, "genre_id": 19}, {"studio_id": 9, "genre_id": 32}, {"studio_id": 9, "genre_id": 29}, {"studio_id": 10, "genre_id": 33}, {"studio_id": 10, "genre_id": 32}, {"studio_id": 10, "genre_id": 20}, {"studio_id": 10, "genre_id": 29}, {"studio_id": 33, "genre_id": 6}, {"studio_id": 33, "genre_id": 31}, {"studio_id": 33, "genre_id": 29}, {"studio_id": 30, "genre_id": 30}, {"studio_id": 30, "genre_id": 23}, {"studio_id": 30, "genre_id": 31}, {"studio_id": 30, "genre_id": 12}, {"studio_id": 28, "genre_id": 23}, {"studio_id": 28, "genre_id": 20}, {"studio_id": 28, "genre_id": 27}, {"studio_id": 28, "genre_id": 31}, {"studio_id": 33, "genre_id": 18}, {"studio_id": 33, "genre_id": 13}, {"studio_id": 26, "genre_id": 24}, {"studio_id": 26, "genre_id": 25}, {"studio_id": 26, "genre_id": 20}, {"studio_id": 33, "genre_id": 19}, {"studio_id": 11, "genre_id": 30}, {"studio_id": 11, "genre_id": 24}, {"studio_id": 11, "genre_id": 33}, {"studio_id": 11, "genre_id": 10}, {"studio_id": 11, "genre_id": 27}, {"studio_id": 17, "genre_id": 33}, {"studio_id": 17, "genre_id": 32}, {"studio_id": 17, "genre_id": 22}, {"studio_id": 17, "genre_id": 29}, {"studio_id": 17, "genre_id": 28}, {"studio_id": 30, "genre_id": 33}, {"studio_id": 30, "genre_id": 20}, {"studio_id": 21, "genre_id": 13}, {"studio_id": 21, "genre_id": 22}, {"studio_id": 21, "genre_id": 29}, {"studio_id": 15, "genre_id": 28}, {"studio_id": 15, "genre_id": 25}, {"studio_id": 24, "genre_id": 30}, {"studio_id": 24, "genre_id": 20}, {"studio_id": 24, "genre_id": 1}, {"studio_id": 24, "genre_id": 17}, {"studio_id": 34, "genre_id": 15}, {"studio_id": 34, "genre_id": 13}, {"studio_id": 34, "genre_id": 32}, {"studio_id": 34, "genre_id": 10}, {"studio_id": 34, "genre_id": 22}, {"studio_id": 26, "genre_id": 30}, {"studio_id": 34, "genre_id": 24}, {"studio_id": 34, "genre_id": 9}, {"studio_id": 29, "genre_id": 2}, {"studio_id": 29, "genre_id": 20}, {"studio_id": 29, "genre_id": 22}, {"studio_id": 29, "genre_id": 29}, {"studio_id": 26, "genre_id": 31}, {"studio_id": 12, "genre_id": 27}, {"studio_id": 12, "genre_id": 24}, {"studio_id": 12, "genre_id": 23}, {"studio_id": 12, "genre_id": 32}, {"studio_id": 12, "genre_id": 25}, {"studio_id": 28, "genre_id": 29}, {"studio_id": 30, "genre_id": 32}, {"studio_id": 30, "genre_id": 3}, {"studio_id": 30, "genre_id": 21}, {"studio_id": 30, "genre_id": 28}, {"studio_id": 13, "genre_id": 15}, {"studio_id": 13, "genre_id": 27}, {"studio_id": 13, "genre_id": 9}, {"studio_id": 13, "genre_id": 32}, {"studio_id": 23, "genre_id": 14}, {"studio_id": 14, "genre_id": 31}, {"studio_id": 14, "genre_id": 32}, {"studio_id": 14, "genre_id": 20}, {"studio_id": 14, "genre_id": 22}, {"studio_id": 21, "genre_id": 15}, {"studio_id": 21, "genre_id": 24}, {"studio_id": 21, "genre_id": 32}, {"studio_id": 21, "genre_id": 7}, {"studio_id": 21, "genre_id": 25}]