,0
0,Madhouse
1,Marvy Jack
2,Production Reed
3,MAPPA
4,Oh! Production
5,Trans Arts
6,SANZIGEN
7,Nippon Animation
8,CLOVERWORKS
9,Connect
10,David Production
11,Studio Colorido
12,Wit Studio
13,Graphinica
14,Seven
15,Xebec Zwei
16,Studio 3Hz
17,Brain's Base
18,Odolttogi
19,Encourage Films
20,Sparkly Key Animation Studio
21,Telescreen BV
22,Bee Media
23,Orange
24,Studio Deen
25,Mushi Production
26,Trigger
27,ufotable
28,Zexcs
29,REALTHING
30,M.S.C
31,Studio 4°C
32,Palm Studio
33,Studio Rikka
34,Daume
35,Studio Animal
36,Gonzo
37,Imagin
38,LIDENFILMS
39,P.A. Works
40,Passione
41,C2C
42,Hoods Drifters Studio
43,A-1 Pictures
44,B&T
45,Yumeta Company
46,Fuji TV
47,Asread
48,Studio Chizu
49,Tokyo Movie Shinsha
50,8bit
51,Studio Ghibli
52,L²Studio
53,APPP
54,Minami Machi Bugyousho
55,White Fox
56,AIC A.S.T.A.
57,Shirogumi
58,Pierrot Plus
59,Code
60,GoHands
61,Kinema Citrus
62,Bones
63,Tatsunoko Production
64,Studio Gokumi
65,Science SARU
66,Shaft
67,Bandai Namco Pictures
68,Doga Kobo
69,Group TAC
70,Studio Comet
71,A.C.G.T.
72,J.C.Staff
73,Egg Firm
74,Diomedea
75,Tezuka Productions
76,CoMix Wave Films
77,Nakamura Production
78,Ajia-Do
79,Seven Arcs
80,AIC Spirits
81,DAX Production
82,Telecom Animation Film
83,Gainax
84,AIC Classic
85,Fanworks
86,Production IMS
87,Silver Link.
88,Lay-duce
89,Triangle Staff
90,OLM
91,Satelight
92,Shuka
93,Picture Magic
94,Production I.G
95,Polygon Pictures
96,Shin-Ei Animation
97,Lerche
98,SynergySP
99,Haoliners Animation League
100,Magic Bus
101,Kyoto Animation
102,Arms
103,Manglobe
104,Bridge
105,Visual 80
106,Studio VOLN
107,TMS Entertainment
108,Studio Hibari
109,Signal. MD
110,AIC
111,Shanghai Foch Film Culture Investment
112,Square Enix
113,Artland
114,C-Station
115,feel.
116,Sunrise
117,Studio Pierrot
118,Ordet
119,Studio Gallop
120,Purple Cow Studio Japan
121,Animation Do
122,Bee Train
123,AIC Build
124,Xebec
125,E&G Films
126,KeyEast
127,TYO Animations
128,Hal Film Maker
129,Tokyo Kids
130,Ascension
131,Dongwoo A&E
132,Yaoyorozu
133,G.CMay Animation & Film
134,Seven Arcs Pictures
135,Toei Animation
136,Actas
137,NUT
138,Nomad
139,Radix
140,Pastel
141,TROYCA
142,Khara
